ForceDecks Raw Data Export,1.0
Weight,53.94
Frequency,500
Recording Date,2024-03-06T11:43:43
Recording Info,ForceDecks.iOS;1.9.0
Data Source,"ForceDecks;FDL2-220804-FW2R6-HW3R5,6263,FDL2-FW2R6-HW3R5,6264 (Post-analysis Trial 4)"
Analysis Date,2024-03-06T11:44:05
AthleteId,76ea55ee-bf21-4e4a-aacb-c4f8484e7d7c

Time,Left,Right
60.014,-0.113974,-0.938553
60.016,0.886026,1.061447
60.018,-1.113974,1.061447
60.02,0.886026,2.061447
60.022,0.886026,-0.938553
60.024,0.886026,3.061447
60.026,-1.113974,0.061447
60.028,1.886026,1.061447
60.03,-1.113974,-0.938553
60.032,-1.113974,1.061447
60.034,-2.113974,0.061447
60.036,-1.113974,2.061447
60.038,0.886026,2.061447
60.04,-1.113974,-0.938553
60.042,0.886026,1.061447
60.044,-0.113974,-0.938553
60.046,-0.113974,0.061447
60.048,-0.113974,0.061447
60.05,-1.113974,-0.938553
60.052,1.886026,0.061447
60.054,1.886026,2.061447
60.056,0.886026,2.061447
60.058,2.886026,0.061447
60.06,-0.113974,-0.938553
60.062,-1.113974,1.061447
60.064,0.886026,-0.938553
60.066,1.886026,1.061447
60.068,-0.113974,1.061447
60.07,0.886026,0.061447
60.072,0.886026,2.061447
60.074,-1.113974,-0.938553
60.076,0.886026,1.061447
60.078,-0.113974,1.061447
60.08,0.886026,1.061447
60.082,-1.113974,2.061447
60.084,-0.113974,1.061447
60.086,-1.113974,0.061447
60.088,-1.113974,-0.938553
60.09,-1.113974,1.061447
60.092,-1.113974,-1.938553
60.094,-1.113974,0.061447
60.096,0.886026,0.061447
60.098,0.886026,-0.938553
60.1,0.886026,0.061447
60.102,-0.113974,1.061447
60.104,0.886026,0.061447
60.106,-2.113974,0.061447
60.108,-1.113974,0.061447
60.11,-1.113974,2.061447
60.112,0.886026,2.061447
60.114,-0.113974,2.061447
60.116,-1.113974,1.061447
60.118,0.886026,1.061447
60.12,-2.113974,-1.938553
60.122,-0.113974,-0.938553
60.124,-2.113974,0.061447
60.126,-1.113974,-0.938553
60.128,-0.113974,-0.938553
60.13,0.886026,0.061447
60.132,0.886026,1.061447
60.134,-0.113974,1.061447
60.136,-1.113974,1.061447
60.138,-0.113974,0.061447
60.14,-0.113974,-0.938553
60.142,-0.113974,0.061447
60.144,-0.113974,1.061447
60.146,-0.113974,3.061447
60.148,-0.113974,1.061447
60.15,-0.113974,0.061447
60.152,-0.113974,0.061447
60.154,-0.113974,1.061447
60.156,0.886026,1.061447
60.158,0.886026,2.061447
60.16,-1.113974,0.061447
60.162,-0.113974,0.061447
60.164,0.886026,2.061447
60.166,-1.113974,2.061447
60.168,-0.113974,1.061447
60.17,0.886026,0.061447
60.172,0.886026,-0.938553
60.174,1.886026,1.061447
60.176,-1.113974,0.061447
60.178,-1.113974,-0.938553
60.18,0.886026,1.061447
60.182,-1.113974,-0.938553
60.184,0.886026,0.061447
60.186,0.886026,1.061447
60.188,-0.113974,2.061447
60.19,-1.113974,2.061447
60.192,0.886026,0.061447
60.194,-4.113974,4.061447
60.196,-2.113974,0.061447
60.198,-2.113974,1.061447
60.2,2.886026,0.061447
60.202,0.886026,-1.938553
60.204,-1.113974,0.061447
60.206,-0.113974,2.061447
60.208,-0.113974,-1.938553
60.21,0.886026,1.061447
60.212,0.886026,-0.938553
60.214,1.886026,0.061447
60.216,0.886026,1.061447
60.218,-0.113974,-0.938553
60.22,-0.113974,0.061447
60.222,0.886026,2.061447
60.224,1.886026,-1.938553
60.226,-1.113974,-0.938553
60.228,-1.113974,1.061447
60.23,-0.113974,-0.938553
60.232,0.886026,-2.938553
60.234,-0.113974,1.061447
60.236,0.886026,1.061447
60.238,-2.113974,2.061447
60.24,-1.113974,0.061447
60.242,-0.113974,2.061447
60.244,-0.113974,1.061447
60.246,-0.113974,2.061447
60.248,1.886026,1.061447
60.25,-1.113974,1.061447
60.252,-0.113974,1.061447
60.254,0.886026,1.061447
60.256,0.886026,0.061447
60.258,0.886026,-1.938553
60.26,-0.113974,1.061447
60.262,-2.113974,0.061447
60.264,-0.113974,2.061447
60.266,0.886026,-0.938553
60.268,-1.113974,-0.938553
60.27,1.886026,1.061447
60.272,1.886026,2.061447
60.274,-2.113974,0.061447
60.276,-0.113974,0.061447
60.278,0.886026,-0.938553
60.28,1.886026,-1.938553
60.282,0.886026,0.061447
60.284,-0.113974,1.061447
60.286,1.886026,-0.938553
60.288,-1.113974,0.061447
60.29,0.886026,1.061447
60.292,-0.113974,1.061447
60.294,-2.113974,1.061447
60.296,-0.113974,1.061447
60.298,0.886026,1.061447
60.3,-0.113974,-0.938553
60.302,0.886026,1.061447
60.304,1.886026,0.061447
60.306,0.886026,2.061447
60.308,-0.113974,-0.938553
60.31,-1.113974,2.061447
60.312,0.886026,-1.938553
60.314,-1.113974,1.061447
60.316,0.886026,1.061447
60.318,-0.113974,-0.938553
60.32,-1.113974,-0.938553
60.322,-1.113974,-0.938553
60.324,-0.113974,1.061447
60.326,-1.113974,-1.938553
60.328,-1.113974,0.061447
60.33,-2.113974,2.061447
60.332,-1.113974,0.061447
60.334,-0.113974,1.061447
60.336,-0.113974,0.061447
60.338,1.886026,1.061447
60.34,-0.113974,1.061447
60.342,-0.113974,2.061447
60.344,0.886026,0.061447
60.346,-0.113974,0.061447
60.348,-0.113974,0.061447
60.35,-1.113974,0.061447
60.352,0.886026,1.061447
60.354,-1.113974,1.061447
60.356,1.886026,2.061447
60.358,-1.113974,1.061447
60.36,0.886026,1.061447
60.362,1.886026,0.061447
60.364,-0.113974,-1.938553
60.366,-1.113974,-0.938553
60.368,-0.113974,0.061447
60.37,-0.113974,2.061447
60.372,-0.113974,3.061447
60.374,-1.113974,0.061447
60.376,-2.113974,0.061447
60.378,0.886026,-0.938553
60.38,-0.113974,1.061447
60.382,-0.113974,0.061447
60.384,-1.113974,-0.938553
60.386,-1.113974,1.061447
60.388,-2.113974,-0.938553
60.39,-0.113974,0.061447
60.392,-0.113974,-0.938553
60.394,-0.113974,0.061447
60.396,0.886026,1.061447
60.398,2.886026,2.061447
60.4,1.886026,1.061447
60.402,0.886026,3.061447
60.404,0.886026,0.061447
60.406,-1.113974,-1.938553
60.408,1.886026,-2.938553
60.41,-0.113974,-0.938553
60.412,0.886026,0.061447
60.414,-0.113974,2.061447
60.416,1.886026,3.061447
60.418,-0.113974,2.061447
60.42,-1.113974,2.061447
60.422,-0.113974,0.061447
60.424,-1.113974,1.061447
60.426,0.886026,0.061447
60.428,-1.113974,0.061447
60.43,-1.113974,0.061447
60.432,-1.113974,1.061447
60.434,-0.113974,1.061447
60.436,-0.113974,0.061447
60.438,-0.113974,-0.938553
60.44,-0.113974,0.061447
60.442,-0.113974,2.061447
60.444,-1.113974,-1.938553
60.446,1.886026,1.061447
60.448,0.886026,0.061447
60.45,0.886026,2.061447
60.452,-0.113974,1.061447
60.454,-0.113974,1.061447
60.456,-1.113974,0.061447
60.458,-2.113974,1.061447
60.46,-0.113974,1.061447
60.462,-0.113974,0.061447
60.464,-0.113974,-0.938553
60.466,-0.113974,1.061447
60.468,-0.113974,-0.938553
60.47,-1.113974,2.061447
60.472,0.886026,-0.938553
60.474,-1.113974,0.061447
60.476,0.886026,1.061447
60.478,-2.113974,0.061447
60.48,-0.113974,2.061447
60.482,-1.113974,0.061447
60.484,-1.113974,1.061447
60.486,-0.113974,0.061447
60.488,0.886026,-0.938553
60.49,-0.113974,2.061447
60.492,-1.113974,0.061447
60.494,0.886026,1.061447
60.496,-0.113974,2.061447
60.498,0.886026,1.061447
60.5,-0.113974,-0.938553
60.502,-0.113974,0.061447
60.504,-1.113974,-0.938553
60.506,2.886026,1.061447
60.508,0.886026,2.061447
60.51,-1.113974,1.061447
60.512,-1.113974,1.061447
60.514,-0.113974,0.061447
60.516,-2.113974,-0.938553
60.518,-0.113974,1.061447
60.52,0.886026,0.061447
60.522,-1.113974,0.061447
60.524,0.886026,0.061447
60.526,-0.113974,0.061447
60.528,0.886026,1.061447
60.53,-1.113974,0.061447
60.532,-1.113974,0.061447
60.534,0.886026,-0.938553
60.536,-1.113974,-0.938553
60.538,-0.113974,-1.938553
60.54,0.886026,0.061447
60.542,-1.113974,1.061447
60.544,-0.113974,0.061447
60.546,-0.113974,1.061447
60.548,-0.113974,1.061447
60.55,-0.113974,0.061447
60.552,-2.113974,1.061447
60.554,-0.113974,1.061447
60.556,1.886026,0.061447
60.558,0.886026,0.061447
60.56,0.886026,1.061447
60.562,-0.113974,0.061447
60.564,0.886026,-0.938553
60.566,-0.113974,1.061447
60.568,-0.113974,0.061447
60.57,-0.113974,0.061447
60.572,-0.113974,1.061447
60.574,-1.113974,2.061447
60.576,0.886026,1.061447
60.578,0.886026,1.061447
60.58,-0.113974,1.061447
60.582,0.886026,0.061447
60.584,0.886026,1.061447
60.586,-1.113974,2.061447
60.588,0.886026,-0.938553
60.59,-0.113974,0.061447
60.592,-1.113974,1.061447
60.594,1.886026,1.061447
60.596,-1.113974,-0.938553
60.598,-2.113974,0.061447
60.6,-0.113974,0.061447
60.602,-1.113974,0.061447
60.604,1.886026,1.061447
60.606,-3.113974,1.061447
60.608,-0.113974,0.061447
60.61,-0.113974,1.061447
60.612,-1.113974,-1.938553
60.614,-0.113974,1.061447
60.616,46.886026,1.061447
60.618,167.886026,1.061447
60.62,473.886026,76.061447
60.622,513.886026,202.061447
60.624,349.886026,479.061447
60.626,202.886026,496.061447
60.628,115.886026,382.061447
60.63,135.886026,231.061447
60.632,218.886026,134.061447
60.634,245.886026,150.061447
60.636,286.886026,243.061447
60.638,280.886026,362.061447
60.64,323.886026,493.061447
60.642,461.886026,502.061447
60.644,747.886026,517.061447
60.646,1088.886026,514.061447
60.648,1666.886026,567.061447
60.65,1931.886026,796.061447
60.652,1804.886026,1194.061447
60.654,1382.886026,1801.061447
60.656,1016.886026,2175.061447
60.658,829.886026,2116.061447
60.66,768.886026,1745.061447
60.662,757.886026,1386.061447
60.664,693.886026,1128.061447
60.666,582.886026,1006.061447
60.668,524.886026,969.061447
60.67,551.886026,895.061447
60.672,544.886026,823.061447
60.674,496.886026,800.061447
60.676,452.886026,774.061447
60.678,411.886026,738.061447
60.68,414.886026,696.061447
60.682,457.886026,673.061447
60.684,501.886026,646.061447
60.686,469.886026,648.061447
60.688,444.886026,640.061447
60.69,459.886026,646.061447
60.692,492.886026,629.061447
60.694,487.886026,647.061447
60.696,463.886026,655.061447
60.698,430.886026,666.061447
60.7,439.886026,656.061447
60.702,470.886026,637.061447
60.704,474.886026,612.061447
60.706,453.886026,604.061447
60.708,429.886026,604.061447
60.71,423.886026,605.061447
60.712,440.886026,593.061447
60.714,457.886026,568.061447
60.716,466.886026,548.061447
60.718,467.886026,534.061447
60.72,472.886026,530.061447
60.722,476.886026,533.061447
60.724,473.886026,538.061447
60.726,474.886026,533.061447
60.728,477.886026,531.061447
60.73,485.886026,521.061447
60.732,497.886026,516.061447
60.734,494.886026,514.061447
60.736,481.886026,518.061447
60.738,472.886026,526.061447
60.74,472.886026,527.061447
60.742,473.886026,524.061447
60.744,472.886026,515.061447
60.746,468.886026,508.061447
60.748,460.886026,510.061447
60.75,457.886026,510.061447
60.752,454.886026,507.061447
60.754,455.886026,504.061447
60.756,453.886026,502.061447
60.758,452.886026,499.061447
60.76,446.886026,494.061447
60.762,442.886026,492.061447
60.764,438.886026,489.061447
60.766,432.886026,484.061447
60.768,425.886026,481.061447
60.77,415.886026,477.061447
60.772,407.886026,472.061447
60.774,400.886026,467.061447
60.776,393.886026,460.061447
60.778,393.886026,457.061447
60.78,392.886026,449.061447
60.782,389.886026,445.061447
60.784,388.886026,442.061447
60.786,385.886026,439.061447
60.788,383.886026,433.061447
60.79,381.886026,431.061447
60.792,382.886026,427.061447
60.794,382.886026,426.061447
60.796,380.886026,425.061447
60.798,378.886026,425.061447
60.8,376.886026,425.061447
60.802,373.886026,427.061447
60.804,371.886026,425.061447
60.806,371.886026,424.061447
60.808,369.886026,423.061447
60.81,368.886026,419.061447
60.812,364.886026,419.061447
60.814,362.886026,417.061447
60.816,361.886026,412.061447
60.818,360.886026,410.061447
60.82,359.886026,408.061447
60.822,358.886026,403.061447
60.824,355.886026,397.061447
60.826,354.886026,394.061447
60.828,351.886026,393.061447
60.83,348.886026,388.061447
60.832,347.886026,385.061447
60.834,346.886026,385.061447
60.836,344.886026,383.061447
60.838,345.886026,380.061447
60.84,343.886026,381.061447
60.842,344.886026,379.061447
60.844,346.886026,378.061447
60.846,345.886026,377.061447
60.848,342.886026,376.061447
60.85,340.886026,372.061447
60.852,341.886026,372.061447
60.854,341.886026,369.061447
60.856,342.886026,367.061447
60.858,342.886026,364.061447
60.86,341.886026,362.061447
60.862,343.886026,360.061447
60.864,340.886026,360.061447
60.866,340.886026,357.061447
60.868,341.886026,355.061447
60.87,339.886026,356.061447
60.872,339.886026,353.061447
60.874,339.886026,353.061447
60.876,336.886026,351.061447
60.878,337.886026,349.061447
60.88,336.886026,348.061447
60.882,334.886026,347.061447
60.884,334.886026,345.061447
60.886,332.886026,343.061447
60.888,330.886026,340.061447
60.89,328.886026,341.061447
60.892,330.886026,340.061447
60.894,329.886026,335.061447
60.896,329.886026,336.061447
60.898,327.886026,337.061447
60.9,328.886026,333.061447
60.902,327.886026,333.061447
60.904,328.886026,332.061447
60.906,328.886026,332.061447
60.908,328.886026,329.061447
60.91,327.886026,327.061447
60.912,327.886026,325.061447
60.914,326.886026,326.061447
60.916,326.886026,325.061447
60.918,325.886026,326.061447
60.92,326.886026,325.061447
60.922,323.886026,324.061447
60.924,326.886026,321.061447
60.926,325.886026,322.061447
60.928,326.886026,319.061447
60.93,327.886026,321.061447
60.932,327.886026,317.061447
60.934,329.886026,316.061447
60.936,329.886026,316.061447
60.938,329.886026,317.061447
60.94,329.886026,316.061447
60.942,328.886026,314.061447
60.944,330.886026,314.061447
60.946,330.886026,312.061447
60.948,330.886026,311.061447
60.95,329.886026,311.061447
60.952,331.886026,310.061447
60.954,331.886026,310.061447
60.956,330.886026,309.061447
60.958,331.886026,310.061447
60.96,329.886026,309.061447
60.962,330.886026,308.061447
60.964,330.886026,308.061447
60.966,332.886026,307.061447
60.968,330.886026,305.061447
60.97,329.886026,307.061447
60.972,330.886026,303.061447
60.974,328.886026,303.061447
60.976,327.886026,300.061447
60.978,327.886026,300.061447
60.98,327.886026,298.061447
60.982,327.886026,297.061447
60.984,327.886026,298.061447
60.986,328.886026,294.061447
60.988,326.886026,294.061447
60.99,327.886026,293.061447
60.992,326.886026,290.061447
60.994,327.886026,289.061447
60.996,325.886026,289.061447
60.998,327.886026,286.061447
61,325.886026,286.061447
61.002,326.886026,283.061447
61.004,325.886026,279.061447
61.006,323.886026,282.061447
61.008,325.886026,280.061447
61.01,322.886026,277.061447
61.012,321.886026,277.061447
61.014,322.886026,276.061447
61.016,322.886026,274.061447
61.018,319.886026,275.061447
61.02,320.886026,274.061447
61.022,320.886026,270.061447
61.024,319.886026,268.061447
61.026,317.886026,270.061447
61.028,317.886026,269.061447
61.03,316.886026,266.061447
61.032,315.886026,266.061447
61.034,315.886026,264.061447
61.036,314.886026,264.061447
61.038,314.886026,264.061447
61.04,313.886026,264.061447
61.042,311.886026,265.061447
61.044,313.886026,264.061447
61.046,310.886026,263.061447
61.048,310.886026,262.061447
61.05,309.886026,261.061447
61.052,305.886026,262.061447
61.054,307.886026,262.061447
61.056,305.886026,261.061447
61.058,304.886026,261.061447
61.06,303.886026,261.061447
61.062,303.886026,261.061447
61.064,302.886026,261.061447
61.066,303.886026,259.061447
61.068,302.886026,260.061447
61.07,299.886026,261.061447
61.072,300.886026,261.061447
61.074,301.886026,261.061447
61.076,300.886026,261.061447
61.078,298.886026,260.061447
61.08,298.886026,261.061447
61.082,300.886026,263.061447
61.084,299.886026,262.061447
61.086,301.886026,262.061447
61.088,300.886026,261.061447
61.09,300.886026,262.061447
61.092,301.886026,261.061447
61.094,301.886026,263.061447
61.096,297.886026,263.061447
61.098,298.886026,261.061447
61.1,298.886026,261.061447
61.102,296.886026,261.061447
61.104,295.886026,260.061447
61.106,295.886026,259.061447
61.108,292.886026,259.061447
61.11,293.886026,257.061447
61.112,286.886026,260.061447
61.114,290.886026,258.061447
61.116,290.886026,258.061447
61.118,290.886026,262.061447
61.12,287.886026,260.061447
61.122,285.886026,257.061447
61.124,285.886026,258.061447
61.126,287.886026,260.061447
61.128,283.886026,257.061447
61.13,282.886026,260.061447
61.132,283.886026,259.061447
61.134,282.886026,258.061447
61.136,283.886026,259.061447
61.138,284.886026,257.061447
61.14,281.886026,257.061447
61.142,280.886026,258.061447
61.144,282.886026,257.061447
61.146,277.886026,257.061447
61.148,279.886026,256.061447
61.15,278.886026,256.061447
61.152,278.886026,257.061447
61.154,277.886026,257.061447
61.156,276.886026,257.061447
61.158,276.886026,256.061447
61.16,275.886026,255.061447
61.162,273.886026,258.061447
61.164,273.886026,259.061447
61.166,273.886026,256.061447
61.168,273.886026,259.061447
61.17,272.886026,256.061447
61.172,273.886026,258.061447
61.174,272.886026,257.061447
61.176,272.886026,257.061447
61.178,271.886026,256.061447
61.18,272.886026,258.061447
61.182,272.886026,257.061447
61.184,271.886026,256.061447
61.186,272.886026,256.061447
61.188,273.886026,253.061447
61.19,271.886026,255.061447
61.192,270.886026,257.061447
61.194,270.886026,256.061447
61.196,272.886026,255.061447
61.198,271.886026,256.061447
61.2,268.886026,253.061447
61.202,268.886026,254.061447
61.204,267.886026,256.061447
61.206,272.886026,254.061447
61.208,267.886026,254.061447
61.21,266.886026,252.061447
61.212,267.886026,255.061447
61.214,266.886026,253.061447
61.216,266.886026,253.061447
61.218,266.886026,255.061447
61.22,264.886026,255.061447
61.222,266.886026,252.061447
61.224,263.886026,254.061447
61.226,263.886026,253.061447
61.228,264.886026,253.061447
61.23,261.886026,255.061447
61.232,262.886026,254.061447
61.234,261.886026,255.061447
61.236,261.886026,258.061447
61.238,262.886026,257.061447
61.24,259.886026,260.061447
61.242,258.886026,259.061447
61.244,259.886026,258.061447
61.246,258.886026,258.061447
61.248,259.886026,259.061447
61.25,258.886026,261.061447
61.252,256.886026,261.061447
61.254,257.886026,261.061447
61.256,259.886026,260.061447
61.258,256.886026,261.061447
61.26,257.886026,260.061447
61.262,257.886026,262.061447
61.264,255.886026,263.061447
61.266,254.886026,264.061447
61.268,255.886026,264.061447
61.27,255.886026,266.061447
61.272,255.886026,264.061447
61.274,254.886026,265.061447
61.276,255.886026,266.061447
61.278,256.886026,267.061447
61.28,255.886026,268.061447
61.282,255.886026,268.061447
61.284,251.886026,269.061447
61.286,254.886026,269.061447
61.288,252.886026,269.061447
61.29,252.886026,267.061447
61.292,254.886026,269.061447
61.294,251.886026,270.061447
61.296,250.886026,269.061447
61.298,249.886026,268.061447
61.3,249.886026,269.061447
61.302,249.886026,269.061447
61.304,252.886026,270.061447
61.306,248.886026,270.061447
61.308,251.886026,271.061447
61.31,251.886026,272.061447
61.312,250.886026,272.061447
61.314,249.886026,273.061447
61.316,246.886026,272.061447
61.318,248.886026,273.061447
61.32,247.886026,273.061447
61.322,247.886026,271.061447
61.324,247.886026,271.061447
61.326,247.886026,274.061447
61.328,247.886026,274.061447
61.33,246.886026,273.061447
61.332,245.886026,274.061447
61.334,247.886026,275.061447
61.336,247.886026,275.061447
61.338,246.886026,275.061447
61.34,247.886026,275.061447
61.342,245.886026,276.061447
61.344,247.886026,276.061447
61.346,246.886026,274.061447
61.348,244.886026,276.061447
61.35,247.886026,278.061447
61.352,246.886026,276.061447
61.354,246.886026,277.061447
61.356,245.886026,275.061447
61.358,246.886026,278.061447
61.36,246.886026,276.061447
61.362,247.886026,277.061447
61.364,245.886026,278.061447
61.366,247.886026,276.061447
61.368,247.886026,276.061447
61.37,246.886026,276.061447
61.372,247.886026,277.061447
61.374,248.886026,277.061447
61.376,247.886026,275.061447
61.378,249.886026,274.061447
61.38,247.886026,276.061447
61.382,246.886026,275.061447
61.384,247.886026,273.061447
61.386,248.886026,273.061447
61.388,250.886026,272.061447
61.39,248.886026,271.061447
61.392,248.886026,271.061447
61.394,247.886026,272.061447
61.396,248.886026,270.061447
61.398,247.886026,272.061447
61.4,248.886026,273.061447
61.402,247.886026,271.061447
61.404,248.886026,271.061447
61.406,248.886026,272.061447
61.408,248.886026,270.061447
61.41,248.886026,272.061447
61.412,246.886026,271.061447
61.414,248.886026,269.061447
61.416,249.886026,271.061447
61.418,247.886026,269.061447
61.42,251.886026,270.061447
61.422,248.886026,270.061447
61.424,250.886026,271.061447
61.426,247.886026,266.061447
61.428,251.886026,269.061447
61.43,251.886026,268.061447
61.432,251.886026,269.061447
61.434,251.886026,267.061447
61.436,251.886026,268.061447
61.438,252.886026,267.061447
61.44,252.886026,266.061447
61.442,252.886026,269.061447
61.444,253.886026,265.061447
61.446,252.886026,266.061447
61.448,253.886026,265.061447
61.45,251.886026,263.061447
61.452,251.886026,264.061447
61.454,252.886026,263.061447
61.456,252.886026,265.061447
61.458,252.886026,263.061447
61.46,252.886026,263.061447
61.462,255.886026,262.061447
61.464,252.886026,264.061447
61.466,254.886026,267.061447
61.468,252.886026,265.061447
61.47,252.886026,263.061447
61.472,252.886026,263.061447
61.474,253.886026,263.061447
61.476,256.886026,263.061447
61.478,253.886026,264.061447
61.48,253.886026,264.061447
61.482,254.886026,264.061447
61.484,254.886026,264.061447
61.486,255.886026,267.061447
61.488,255.886026,268.061447
61.49,253.886026,266.061447
61.492,255.886026,267.061447
61.494,255.886026,269.061447
61.496,256.886026,266.061447
61.498,254.886026,267.061447
61.5,256.886026,266.061447
61.502,254.886026,264.061447
61.504,255.886026,264.061447
61.506,255.886026,265.061447
61.508,256.886026,265.061447
61.51,257.886026,266.061447
61.512,255.886026,264.061447
61.514,256.886026,265.061447
61.516,256.886026,264.061447
61.518,258.886026,264.061447
61.52,258.886026,264.061447
61.522,255.886026,265.061447
61.524,257.886026,262.061447
61.526,260.886026,262.061447
61.528,258.886026,263.061447
61.53,261.886026,263.061447
61.532,261.886026,263.061447
61.534,260.886026,262.061447
61.536,260.886026,264.061447
61.538,259.886026,263.061447
61.54,262.886026,264.061447
61.542,259.886026,262.061447
61.544,262.886026,264.061447
61.546,261.886026,263.061447
61.548,262.886026,262.061447
61.55,261.886026,263.061447
61.552,261.886026,261.061447
61.554,261.886026,261.061447
61.556,261.886026,263.061447
61.558,260.886026,263.061447
61.56,261.886026,264.061447
61.562,260.886026,263.061447
61.564,262.886026,265.061447
61.566,261.886026,265.061447
61.568,261.886026,262.061447
61.57,264.886026,262.061447
61.572,265.886026,262.061447
61.574,261.886026,262.061447
61.576,263.886026,264.061447
61.578,263.886026,263.061447
61.58,265.886026,262.061447
61.582,263.886026,262.061447
61.584,261.886026,262.061447
61.586,265.886026,263.061447
61.588,265.886026,262.061447
61.59,264.886026,263.061447
61.592,264.886026,261.061447
61.594,264.886026,260.061447
61.596,264.886026,261.061447
61.598,264.886026,260.061447
61.6,265.886026,261.061447
61.602,264.886026,261.061447
61.604,263.886026,261.061447
61.606,264.886026,262.061447
61.608,264.886026,264.061447
61.61,264.886026,262.061447
61.612,263.886026,261.061447
61.614,266.886026,261.061447
61.616,263.886026,265.061447
61.618,263.886026,264.061447
61.62,265.886026,264.061447
61.622,265.886026,263.061447
61.624,267.886026,265.061447
61.626,265.886026,266.061447
61.628,265.886026,264.061447
61.63,265.886026,265.061447
61.632,265.886026,267.061447
61.634,265.886026,269.061447
61.636,267.886026,267.061447
61.638,265.886026,268.061447
61.64,263.886026,267.061447
61.642,266.886026,269.061447
61.644,265.886026,265.061447
61.646,265.886026,266.061447
61.648,263.886026,268.061447
61.65,267.886026,269.061447
61.652,266.886026,267.061447
61.654,266.886026,267.061447
61.656,265.886026,267.061447
61.658,264.886026,266.061447
61.66,265.886026,266.061447
61.662,266.886026,266.061447
61.664,265.886026,266.061447
61.666,264.886026,264.061447
61.668,264.886026,267.061447
61.67,265.886026,265.061447
61.672,266.886026,264.061447
61.674,264.886026,265.061447
61.676,265.886026,265.061447
61.678,264.886026,264.061447
61.68,265.886026,263.061447
61.682,268.886026,264.061447
61.684,266.886026,264.061447
61.686,264.886026,264.061447
61.688,266.886026,264.061447
61.69,265.886026,266.061447
61.692,267.886026,262.061447
61.694,266.886026,264.061447
61.696,270.886026,265.061447
61.698,268.886026,265.061447
61.7,268.886026,264.061447
61.702,269.886026,266.061447
61.704,269.886026,264.061447
61.706,267.886026,265.061447
61.708,268.886026,264.061447
61.71,269.886026,265.061447
61.712,268.886026,265.061447
61.714,268.886026,265.061447
61.716,268.886026,265.061447
61.718,266.886026,266.061447
61.72,267.886026,266.061447
61.722,270.886026,263.061447
61.724,270.886026,265.061447
61.726,267.886026,266.061447
61.728,270.886026,264.061447
61.73,269.886026,266.061447
61.732,267.886026,266.061447
61.734,269.886026,266.061447
61.736,268.886026,265.061447
61.738,270.886026,265.061447
61.74,267.886026,263.061447
61.742,268.886026,265.061447
61.744,267.886026,264.061447
61.746,266.886026,263.061447
61.748,268.886026,263.061447
61.75,269.886026,262.061447
61.752,267.886026,264.061447
61.754,269.886026,262.061447
61.756,269.886026,265.061447
61.758,270.886026,262.061447
61.76,270.886026,265.061447
61.762,269.886026,262.061447
61.764,269.886026,263.061447
61.766,270.886026,261.061447
61.768,269.886026,263.061447
61.77,268.886026,264.061447
61.772,269.886026,264.061447
61.774,270.886026,263.061447
61.776,269.886026,263.061447
61.778,271.886026,262.061447
61.78,270.886026,262.061447
61.782,267.886026,262.061447
61.784,269.886026,262.061447
61.786,269.886026,262.061447
61.788,270.886026,260.061447
61.79,267.886026,263.061447
61.792,269.886026,260.061447
61.794,267.886026,263.061447
61.796,269.886026,262.061447
61.798,267.886026,265.061447
61.8,268.886026,263.061447
61.802,268.886026,265.061447
61.804,267.886026,265.061447
61.806,268.886026,263.061447
61.808,267.886026,263.061447
61.81,269.886026,262.061447
61.812,269.886026,263.061447
61.814,266.886026,263.061447
61.816,267.886026,263.061447
61.818,268.886026,263.061447
61.82,267.886026,262.061447
61.822,268.886026,262.061447
61.824,266.886026,263.061447
61.826,266.886026,264.061447
61.828,268.886026,262.061447
61.83,269.886026,265.061447
61.832,268.886026,259.061447
61.834,266.886026,263.061447
61.836,266.886026,262.061447
61.838,267.886026,264.061447
61.84,266.886026,263.061447
61.842,266.886026,263.061447
61.844,268.886026,262.061447
61.846,265.886026,260.061447
61.848,267.886026,261.061447
61.85,268.886026,262.061447
61.852,265.886026,263.061447
61.854,264.886026,262.061447
61.856,265.886026,260.061447
61.858,265.886026,264.061447
61.86,267.886026,261.061447
61.862,266.886026,260.061447
61.864,263.886026,261.061447
61.866,264.886026,260.061447
61.868,264.886026,261.061447
61.87,267.886026,262.061447
61.872,267.886026,263.061447
61.874,267.886026,263.061447
61.876,265.886026,263.061447
61.878,263.886026,262.061447
61.88,264.886026,262.061447
61.882,263.886026,262.061447
61.884,262.886026,262.061447
61.886,268.886026,263.061447
61.888,266.886026,262.061447
61.89,262.886026,262.061447
61.892,265.886026,264.061447
61.894,264.886026,262.061447
61.896,267.886026,262.061447
61.898,264.886026,263.061447
61.9,260.886026,263.061447
61.902,263.886026,262.061447
61.904,261.886026,263.061447
61.906,260.886026,262.061447
61.908,262.886026,263.061447
61.91,263.886026,261.061447
61.912,264.886026,263.061447
61.914,263.886026,263.061447
61.916,262.886026,261.061447
61.918,265.886026,262.061447
61.92,264.886026,261.061447
61.922,264.886026,262.061447
61.924,262.886026,261.061447
61.926,264.886026,263.061447
61.928,263.886026,262.061447
61.93,263.886026,263.061447
61.932,262.886026,262.061447
61.934,263.886026,261.061447
61.936,264.886026,260.061447
61.938,262.886026,263.061447
61.94,264.886026,262.061447
61.942,265.886026,262.061447
61.944,264.886026,262.061447
61.946,266.886026,261.061447
61.948,262.886026,264.061447
61.95,266.886026,262.061447
61.952,262.886026,262.061447
61.954,264.886026,265.061447
61.956,265.886026,265.061447
61.958,264.886026,263.061447
61.96,264.886026,264.061447
61.962,262.886026,263.061447
61.964,265.886026,264.061447
61.966,264.886026,265.061447
61.968,264.886026,264.061447
61.97,266.886026,264.061447
61.972,263.886026,267.061447
61.974,265.886026,267.061447
61.976,263.886026,265.061447
61.978,266.886026,265.061447
61.98,265.886026,267.061447
61.982,264.886026,267.061447
61.984,264.886026,266.061447
61.986,264.886026,265.061447
61.988,263.886026,268.061447
61.99,264.886026,268.061447
61.992,261.886026,267.061447
61.994,263.886026,267.061447
61.996,263.886026,269.061447
61.998,263.886026,266.061447
62,263.886026,269.061447
62.002,265.886026,269.061447
62.004,263.886026,268.061447
62.006,265.886026,269.061447
62.008,265.886026,268.061447
62.01,266.886026,266.061447
62.012,266.886026,270.061447
62.014,263.886026,270.061447
62.016,265.886026,268.061447
62.018,264.886026,271.061447
62.02,265.886026,269.061447
62.022,265.886026,269.061447
62.024,266.886026,270.061447
62.026,265.886026,272.061447
62.028,264.886026,269.061447
62.03,266.886026,271.061447
62.032,266.886026,272.061447
62.034,266.886026,269.061447
62.036,265.886026,272.061447
62.038,266.886026,270.061447
62.04,267.886026,271.061447
62.042,266.886026,273.061447
62.044,268.886026,272.061447
62.046,268.886026,272.061447
62.048,267.886026,272.061447
62.05,268.886026,272.061447
62.052,267.886026,271.061447
62.054,266.886026,270.061447
62.056,266.886026,273.061447
62.058,268.886026,272.061447
62.06,267.886026,274.061447
62.062,269.886026,271.061447
62.064,266.886026,272.061447
62.066,267.886026,271.061447
62.068,268.886026,272.061447
62.07,266.886026,273.061447
62.072,268.886026,272.061447
62.074,271.886026,271.061447
62.076,269.886026,270.061447
62.078,267.886026,270.061447
62.08,269.886026,271.061447
62.082,266.886026,271.061447
62.084,266.886026,271.061447
62.086,268.886026,272.061447
62.088,267.886026,272.061447
62.09,269.886026,272.061447
62.092,268.886026,273.061447
62.094,267.886026,272.061447
62.096,268.886026,274.061447
62.098,269.886026,271.061447
62.1,268.886026,272.061447
62.102,268.886026,273.061447
62.104,269.886026,272.061447
62.106,266.886026,273.061447
62.108,268.886026,272.061447
62.11,267.886026,274.061447
62.112,267.886026,275.061447
62.114,266.886026,273.061447
62.116,267.886026,275.061447
62.118,266.886026,274.061447
62.12,265.886026,274.061447
62.122,265.886026,273.061447
62.124,265.886026,275.061447
62.126,265.886026,272.061447
62.128,267.886026,275.061447
62.13,263.886026,273.061447
62.132,264.886026,273.061447
62.134,263.886026,273.061447
62.136,266.886026,270.061447
62.138,263.886026,271.061447
62.14,266.886026,271.061447
62.142,263.886026,269.061447
62.144,264.886026,269.061447
62.146,265.886026,271.061447
62.148,264.886026,269.061447
62.15,263.886026,272.061447
62.152,263.886026,269.061447
62.154,263.886026,267.061447
62.156,263.886026,269.061447
62.158,262.886026,271.061447
62.16,262.886026,272.061447
62.162,262.886026,271.061447
62.164,262.886026,271.061447
62.166,261.886026,271.061447
62.168,259.886026,270.061447
62.17,260.886026,270.061447
62.172,260.886026,271.061447
62.174,260.886026,272.061447
62.176,258.886026,270.061447
62.178,257.886026,272.061447
62.18,259.886026,270.061447
62.182,257.886026,271.061447
62.184,258.886026,269.061447
62.186,258.886026,269.061447
62.188,257.886026,272.061447
62.19,258.886026,269.061447
62.192,257.886026,269.061447
62.194,259.886026,271.061447
62.196,258.886026,269.061447
62.198,257.886026,267.061447
62.2,256.886026,270.061447
62.202,257.886026,269.061447
62.204,257.886026,269.061447
62.206,259.886026,268.061447
62.208,256.886026,267.061447
62.21,257.886026,269.061447
62.212,257.886026,267.061447
62.214,257.886026,267.061447
62.216,259.886026,263.061447
62.218,258.886026,264.061447
62.22,258.886026,265.061447
62.222,259.886026,266.061447
62.224,258.886026,262.061447
62.226,256.886026,265.061447
62.228,260.886026,266.061447
62.23,261.886026,262.061447
62.232,259.886026,265.061447
62.234,261.886026,264.061447
62.236,259.886026,263.061447
62.238,258.886026,261.061447
62.24,260.886026,262.061447
62.242,260.886026,260.061447
62.244,258.886026,261.061447
62.246,258.886026,263.061447
62.248,259.886026,259.061447
62.25,260.886026,261.061447
62.252,258.886026,260.061447
62.254,259.886026,260.061447
62.256,260.886026,259.061447
62.258,261.886026,258.061447
62.26,259.886026,260.061447
62.262,260.886026,259.061447
62.264,259.886026,259.061447
62.266,259.886026,261.061447
62.268,258.886026,258.061447
62.27,260.886026,258.061447
62.272,259.886026,259.061447
62.274,259.886026,259.061447
62.276,257.886026,258.061447
62.278,260.886026,259.061447
62.28,259.886026,256.061447
62.282,257.886026,258.061447
62.284,261.886026,256.061447
62.286,260.886026,258.061447
62.288,259.886026,257.061447
62.29,260.886026,258.061447
62.292,258.886026,258.061447
62.294,259.886026,259.061447
62.296,260.886026,257.061447
62.298,261.886026,256.061447
62.3,259.886026,257.061447
62.302,260.886026,259.061447
62.304,261.886026,259.061447
62.306,261.886026,258.061447
62.308,261.886026,257.061447
62.31,261.886026,257.061447
62.312,261.886026,258.061447
62.314,263.886026,256.061447
62.316,263.886026,254.061447
62.318,263.886026,258.061447
62.32,263.886026,257.061447
62.322,265.886026,257.061447
62.324,265.886026,257.061447
62.326,266.886026,258.061447
62.328,265.886026,256.061447
62.33,267.886026,256.061447
62.332,268.886026,259.061447
62.334,267.886026,255.061447
62.336,268.886026,256.061447
62.338,267.886026,256.061447
62.34,267.886026,257.061447
62.342,268.886026,258.061447
62.344,268.886026,258.061447
62.346,267.886026,258.061447
62.348,267.886026,260.061447
62.35,267.886026,258.061447
62.352,268.886026,257.061447
62.354,267.886026,260.061447
62.356,266.886026,259.061447
62.358,268.886026,261.061447
62.36,266.886026,259.061447
62.362,266.886026,260.061447
62.364,265.886026,259.061447
62.366,266.886026,259.061447
62.368,268.886026,259.061447
62.37,264.886026,258.061447
62.372,266.886026,259.061447
62.374,267.886026,259.061447
62.376,266.886026,258.061447
62.378,265.886026,258.061447
62.38,266.886026,259.061447
62.382,268.886026,260.061447
62.384,267.886026,261.061447
62.386,266.886026,258.061447
62.388,265.886026,259.061447
62.39,265.886026,261.061447
62.392,263.886026,262.061447
62.394,265.886026,259.061447
62.396,266.886026,259.061447
62.398,266.886026,263.061447
62.4,264.886026,261.061447
62.402,265.886026,258.061447
62.404,264.886026,260.061447
62.406,266.886026,263.061447
62.408,266.886026,262.061447
62.41,266.886026,261.061447
62.412,269.886026,260.061447
62.414,267.886026,260.061447
62.416,269.886026,262.061447
62.418,269.886026,259.061447
62.42,267.886026,259.061447
62.422,267.886026,258.061447
62.424,268.886026,259.061447
62.426,268.886026,258.061447
62.428,267.886026,259.061447
62.43,268.886026,259.061447
62.432,271.886026,258.061447
62.434,268.886026,257.061447
62.436,270.886026,259.061447
62.438,268.886026,258.061447
62.44,268.886026,259.061447
62.442,268.886026,261.061447
62.444,270.886026,259.061447
62.446,268.886026,260.061447
62.448,267.886026,258.061447
62.45,267.886026,261.061447
62.452,269.886026,261.061447
62.454,268.886026,259.061447
62.456,265.886026,262.061447
62.458,267.886026,261.061447
62.46,265.886026,261.061447
62.462,267.886026,260.061447
62.464,268.886026,262.061447
62.466,267.886026,261.061447
62.468,266.886026,262.061447
62.47,269.886026,263.061447
62.472,268.886026,262.061447
62.474,267.886026,259.061447
62.476,268.886026,261.061447
62.478,267.886026,262.061447
62.48,268.886026,259.061447
62.482,268.886026,261.061447
62.484,266.886026,260.061447
62.486,267.886026,260.061447
62.488,266.886026,261.061447
62.49,268.886026,259.061447
62.492,267.886026,258.061447
62.494,269.886026,259.061447
62.496,265.886026,258.061447
62.498,268.886026,259.061447
62.5,269.886026,261.061447
62.502,266.886026,258.061447
62.504,266.886026,262.061447
62.506,266.886026,261.061447
62.508,266.886026,259.061447
62.51,268.886026,261.061447
62.512,268.886026,261.061447
62.514,269.886026,262.061447
62.516,268.886026,260.061447
62.518,267.886026,261.061447
62.52,269.886026,262.061447
62.522,271.886026,262.061447
62.524,269.886026,262.061447
62.526,267.886026,262.061447
62.528,268.886026,262.061447
62.53,269.886026,262.061447
62.532,270.886026,263.061447
62.534,268.886026,263.061447
62.536,270.886026,263.061447
62.538,268.886026,261.061447
62.54,269.886026,263.061447
62.542,269.886026,262.061447
62.544,267.886026,261.061447
62.546,270.886026,260.061447
62.548,267.886026,261.061447
62.55,269.886026,263.061447
62.552,267.886026,263.061447
62.554,269.886026,261.061447
62.556,265.886026,260.061447
62.558,269.886026,262.061447
62.56,266.886026,260.061447
62.562,267.886026,260.061447
62.564,267.886026,262.061447
62.566,268.886026,259.061447
62.568,266.886026,259.061447
62.57,267.886026,261.061447
62.572,266.886026,261.061447
62.574,266.886026,258.061447
62.576,269.886026,261.061447
62.578,265.886026,262.061447
62.58,268.886026,261.061447
62.582,266.886026,260.061447
62.584,266.886026,262.061447
62.586,266.886026,261.061447
62.588,267.886026,262.061447
62.59,265.886026,260.061447
62.592,266.886026,260.061447
62.594,264.886026,260.061447
62.596,265.886026,262.061447
62.598,265.886026,260.061447
62.6,266.886026,261.061447
62.602,266.886026,260.061447
62.604,267.886026,261.061447
62.606,267.886026,261.061447
62.608,270.886026,260.061447
62.61,269.886026,261.061447
62.612,269.886026,258.061447
62.614,266.886026,258.061447
62.616,269.886026,258.061447
62.618,270.886026,258.061447
62.62,270.886026,258.061447
62.622,268.886026,259.061447
62.624,268.886026,258.061447
62.626,271.886026,260.061447
62.628,269.886026,257.061447
62.63,269.886026,259.061447
62.632,268.886026,258.061447
62.634,272.886026,256.061447
62.636,270.886026,256.061447
62.638,272.886026,258.061447
62.64,270.886026,256.061447
62.642,270.886026,260.061447
62.644,269.886026,255.061447
62.646,270.886026,257.061447
62.648,268.886026,259.061447
62.65,269.886026,258.061447
62.652,269.886026,258.061447
62.654,269.886026,260.061447
62.656,268.886026,258.061447
62.658,270.886026,257.061447
62.66,268.886026,256.061447
62.662,271.886026,255.061447
62.664,270.886026,256.061447
62.666,269.886026,254.061447
62.668,269.886026,254.061447
62.67,269.886026,257.061447
62.672,269.886026,254.061447
62.674,269.886026,255.061447
62.676,271.886026,255.061447
62.678,271.886026,253.061447
62.68,269.886026,255.061447
62.682,272.886026,253.061447
62.684,272.886026,254.061447
62.686,272.886026,255.061447
62.688,273.886026,253.061447
62.69,274.886026,257.061447
62.692,276.886026,254.061447
62.694,275.886026,254.061447
62.696,271.886026,255.061447
62.698,275.886026,256.061447
62.7,273.886026,255.061447
62.702,275.886026,256.061447
62.704,274.886026,257.061447
62.706,276.886026,256.061447
62.708,274.886026,258.061447
62.71,275.886026,256.061447
62.712,274.886026,258.061447
62.714,274.886026,257.061447
62.716,274.886026,258.061447
62.718,273.886026,259.061447
62.72,275.886026,258.061447
62.722,274.886026,259.061447
62.724,276.886026,257.061447
62.726,276.886026,259.061447
62.728,275.886026,257.061447
62.73,278.886026,256.061447
62.732,277.886026,259.061447
62.734,274.886026,256.061447
62.736,275.886026,256.061447
62.738,275.886026,259.061447
62.74,274.886026,256.061447
62.742,274.886026,258.061447
62.744,275.886026,258.061447
62.746,276.886026,257.061447
62.748,276.886026,256.061447
62.75,275.886026,256.061447
62.752,277.886026,256.061447
62.754,273.886026,252.061447
62.756,275.886026,254.061447
62.758,277.886026,254.061447
62.76,277.886026,253.061447
62.762,275.886026,254.061447
62.764,275.886026,254.061447
62.766,275.886026,254.061447
62.768,275.886026,255.061447
62.77,277.886026,254.061447
62.772,277.886026,255.061447
62.774,275.886026,254.061447
62.776,275.886026,253.061447
62.778,274.886026,252.061447
62.78,277.886026,253.061447
62.782,275.886026,253.061447
62.784,276.886026,253.061447
62.786,276.886026,253.061447
62.788,274.886026,252.061447
62.79,275.886026,251.061447
62.792,276.886026,255.061447
62.794,276.886026,255.061447
62.796,278.886026,253.061447
62.798,278.886026,254.061447
62.8,275.886026,252.061447
62.802,276.886026,254.061447
62.804,277.886026,253.061447
62.806,275.886026,253.061447
62.808,279.886026,253.061447
62.81,276.886026,252.061447
62.812,274.886026,254.061447
62.814,277.886026,253.061447
62.816,277.886026,253.061447
62.818,277.886026,254.061447
62.82,277.886026,251.061447
62.822,276.886026,253.061447
62.824,276.886026,252.061447
62.826,276.886026,253.061447
62.828,277.886026,252.061447
62.83,276.886026,254.061447
62.832,277.886026,252.061447
62.834,276.886026,252.061447
62.836,274.886026,253.061447
62.838,276.886026,253.061447
62.84,275.886026,250.061447
62.842,275.886026,251.061447
62.844,274.886026,249.061447
62.846,275.886026,251.061447
62.848,275.886026,251.061447
62.85,276.886026,247.061447
62.852,274.886026,252.061447
62.854,274.886026,249.061447
62.856,274.886026,250.061447
62.858,275.886026,249.061447
62.86,274.886026,249.061447
62.862,273.886026,252.061447
62.864,272.886026,250.061447
62.866,272.886026,251.061447
62.868,274.886026,252.061447
62.87,273.886026,250.061447
62.872,271.886026,249.061447
62.874,272.886026,250.061447
62.876,271.886026,251.061447
62.878,273.886026,249.061447
62.88,271.886026,250.061447
62.882,271.886026,246.061447
62.884,270.886026,249.061447
62.886,271.886026,249.061447
62.888,271.886026,249.061447
62.89,268.886026,249.061447
62.892,270.886026,250.061447
62.894,271.886026,247.061447
62.896,271.886026,251.061447
62.898,270.886026,250.061447
62.9,269.886026,248.061447
62.902,269.886026,250.061447
62.904,271.886026,250.061447
62.906,271.886026,252.061447
62.908,269.886026,251.061447
62.91,271.886026,251.061447
62.912,271.886026,249.061447
62.914,270.886026,251.061447
62.916,272.886026,250.061447
62.918,270.886026,249.061447
62.92,272.886026,251.061447
62.922,272.886026,253.061447
62.924,271.886026,251.061447
62.926,273.886026,248.061447
62.928,273.886026,250.061447
62.93,274.886026,249.061447
62.932,274.886026,251.061447
62.934,276.886026,248.061447
62.936,275.886026,249.061447
62.938,275.886026,250.061447
62.94,275.886026,250.061447
62.942,276.886026,251.061447
62.944,276.886026,251.061447
62.946,277.886026,249.061447
62.948,276.886026,249.061447
62.95,276.886026,250.061447
62.952,276.886026,251.061447
62.954,276.886026,251.061447
62.956,277.886026,252.061447
62.958,276.886026,252.061447
62.96,276.886026,251.061447
62.962,276.886026,251.061447
62.964,276.886026,251.061447
62.966,277.886026,253.061447
62.968,277.886026,253.061447
62.97,278.886026,254.061447
62.972,276.886026,251.061447
62.974,278.886026,254.061447
62.976,279.886026,253.061447
62.978,277.886026,255.061447
62.98,275.886026,255.061447
62.982,278.886026,256.061447
62.984,276.886026,255.061447
62.986,279.886026,257.061447
62.988,276.886026,256.061447
62.99,279.886026,258.061447
62.992,280.886026,256.061447
62.994,278.886026,258.061447
62.996,278.886026,257.061447
62.998,277.886026,259.061447
63,277.886026,257.061447
63.002,278.886026,260.061447
63.004,277.886026,260.061447
63.006,276.886026,260.061447
63.008,276.886026,258.061447
63.01,278.886026,261.061447
63.012,277.886026,258.061447
63.014,278.886026,259.061447
63.016,278.886026,259.061447
63.018,277.886026,258.061447
63.02,279.886026,258.061447
63.022,278.886026,257.061447
63.024,279.886026,259.061447
63.026,277.886026,259.061447
63.028,278.886026,259.061447
63.03,278.886026,259.061447
63.032,278.886026,257.061447
63.034,279.886026,260.061447
63.036,278.886026,256.061447
63.038,280.886026,258.061447
63.04,277.886026,257.061447
63.042,279.886026,258.061447
63.044,275.886026,257.061447
63.046,275.886026,256.061447
63.048,279.886026,258.061447
63.05,276.886026,256.061447
63.052,279.886026,256.061447
63.054,277.886026,257.061447
63.056,277.886026,256.061447
63.058,276.886026,258.061447
63.06,277.886026,255.061447
63.062,278.886026,258.061447
63.064,275.886026,258.061447
63.066,275.886026,257.061447
63.068,275.886026,258.061447
63.07,276.886026,258.061447
63.072,276.886026,257.061447
63.074,276.886026,256.061447
63.076,274.886026,255.061447
63.078,273.886026,256.061447
63.08,275.886026,256.061447
63.082,275.886026,256.061447
63.084,275.886026,256.061447
63.086,274.886026,257.061447
63.088,274.886026,256.061447
63.09,273.886026,255.061447
63.092,272.886026,256.061447
63.094,272.886026,254.061447
63.096,273.886026,256.061447
63.098,271.886026,253.061447
63.1,272.886026,254.061447
63.102,274.886026,255.061447
63.104,273.886026,253.061447
63.106,271.886026,255.061447
63.108,270.886026,252.061447
63.11,271.886026,255.061447
63.112,272.886026,253.061447
63.114,271.886026,253.061447
63.116,272.886026,253.061447
63.118,270.886026,255.061447
63.12,272.886026,252.061447
63.122,272.886026,255.061447
63.124,270.886026,254.061447
63.126,271.886026,253.061447
63.128,271.886026,252.061447
63.13,273.886026,254.061447
63.132,271.886026,254.061447
63.134,270.886026,253.061447
63.136,272.886026,256.061447
63.138,271.886026,253.061447
63.14,272.886026,254.061447
63.142,269.886026,254.061447
63.144,270.886026,255.061447
63.146,270.886026,254.061447
63.148,270.886026,255.061447
63.15,271.886026,253.061447
63.152,273.886026,254.061447
63.154,271.886026,255.061447
63.156,272.886026,256.061447
63.158,272.886026,255.061447
63.16,271.886026,254.061447
63.162,271.886026,257.061447
63.164,271.886026,258.061447
63.166,272.886026,257.061447
63.168,272.886026,257.061447
63.17,270.886026,257.061447
63.172,271.886026,256.061447
63.174,273.886026,257.061447
63.176,269.886026,258.061447
63.178,273.886026,257.061447
63.18,273.886026,257.061447
63.182,273.886026,257.061447
63.184,273.886026,257.061447
63.186,273.886026,258.061447
63.188,275.886026,256.061447
63.19,273.886026,259.061447
63.192,272.886026,258.061447
63.194,272.886026,256.061447
63.196,272.886026,259.061447
63.198,275.886026,255.061447
63.2,275.886026,258.061447
63.202,273.886026,259.061447
63.204,275.886026,258.061447
63.206,275.886026,256.061447
63.208,274.886026,256.061447
63.21,275.886026,257.061447
63.212,276.886026,255.061447
63.214,277.886026,255.061447
63.216,274.886026,256.061447
63.218,275.886026,255.061447
63.22,277.886026,258.061447
63.222,276.886026,259.061447
63.224,277.886026,257.061447
63.226,275.886026,257.061447
63.228,275.886026,257.061447
63.23,276.886026,257.061447
63.232,274.886026,259.061447
63.234,275.886026,259.061447
63.236,275.886026,257.061447
63.238,275.886026,256.061447
63.24,276.886026,259.061447
63.242,276.886026,259.061447
63.244,276.886026,259.061447
63.246,278.886026,258.061447
63.248,276.886026,260.061447
63.25,279.886026,260.061447
63.252,279.886026,262.061447
63.254,277.886026,257.061447
63.256,277.886026,258.061447
63.258,277.886026,259.061447
63.26,277.886026,260.061447
63.262,276.886026,260.061447
63.264,275.886026,260.061447
63.266,278.886026,258.061447
63.268,275.886026,262.061447
63.27,276.886026,258.061447
63.272,277.886026,258.061447
63.274,275.886026,257.061447
63.276,273.886026,257.061447
63.278,275.886026,256.061447
63.28,277.886026,256.061447
63.282,275.886026,257.061447
63.284,276.886026,257.061447
63.286,276.886026,255.061447
63.288,276.886026,258.061447
63.29,276.886026,256.061447
63.292,276.886026,256.061447
63.294,276.886026,257.061447
63.296,275.886026,255.061447
63.298,274.886026,256.061447
63.3,275.886026,256.061447
63.302,274.886026,255.061447
63.304,273.886026,256.061447
63.306,273.886026,256.061447
63.308,275.886026,256.061447
63.31,274.886026,255.061447
63.312,272.886026,258.061447
63.314,274.886026,254.061447
63.316,272.886026,255.061447
63.318,274.886026,256.061447
63.32,273.886026,255.061447
63.322,273.886026,254.061447
63.324,273.886026,255.061447
63.326,274.886026,255.061447
63.328,273.886026,255.061447
63.33,275.886026,256.061447
63.332,273.886026,256.061447
63.334,272.886026,254.061447
63.336,274.886026,255.061447
63.338,274.886026,254.061447
63.34,273.886026,255.061447
63.342,272.886026,253.061447
63.344,273.886026,251.061447
63.346,273.886026,256.061447
63.348,274.886026,253.061447
63.35,272.886026,253.061447
63.352,274.886026,252.061447
63.354,273.886026,253.061447
63.356,275.886026,252.061447
63.358,272.886026,252.061447
63.36,274.886026,253.061447
63.362,273.886026,252.061447
63.364,273.886026,252.061447
63.366,273.886026,252.061447
63.368,274.886026,253.061447
63.37,272.886026,255.061447
63.372,273.886026,255.061447
63.374,273.886026,254.061447
63.376,273.886026,254.061447
63.378,273.886026,254.061447
63.38,271.886026,254.061447
63.382,270.886026,256.061447
63.384,273.886026,255.061447
63.386,272.886026,254.061447
63.388,272.886026,254.061447
63.39,271.886026,252.061447
63.392,269.886026,253.061447
63.394,271.886026,253.061447
63.396,269.886026,254.061447
63.398,269.886026,252.061447
63.4,270.886026,250.061447
63.402,270.886026,252.061447
63.404,270.886026,253.061447
63.406,269.886026,252.061447
63.408,270.886026,251.061447
63.41,272.886026,252.061447
63.412,270.886026,250.061447
63.414,272.886026,249.061447
63.416,271.886026,252.061447
63.418,271.886026,250.061447
63.42,271.886026,249.061447
63.422,273.886026,250.061447
63.424,271.886026,251.061447
63.426,270.886026,252.061447
63.428,270.886026,250.061447
63.43,271.886026,252.061447
63.432,270.886026,251.061447
63.434,270.886026,251.061447
63.436,272.886026,252.061447
63.438,273.886026,254.061447
63.44,272.886026,253.061447
63.442,270.886026,251.061447
63.444,272.886026,253.061447
63.446,272.886026,253.061447
63.448,272.886026,251.061447
63.45,276.886026,251.061447
63.452,272.886026,252.061447
63.454,273.886026,250.061447
63.456,273.886026,250.061447
63.458,275.886026,254.061447
63.46,273.886026,254.061447
63.462,275.886026,253.061447
63.464,272.886026,252.061447
63.466,272.886026,255.061447
63.468,274.886026,254.061447
63.47,274.886026,254.061447
63.472,272.886026,252.061447
63.474,274.886026,254.061447
63.476,274.886026,253.061447
63.478,273.886026,254.061447
63.48,272.886026,256.061447
63.482,273.886026,252.061447
63.484,273.886026,254.061447
63.486,272.886026,255.061447
63.488,271.886026,251.061447
63.49,273.886026,255.061447
63.492,274.886026,253.061447
63.494,276.886026,253.061447
63.496,272.886026,253.061447
63.498,274.886026,252.061447
63.5,271.886026,252.061447
63.502,274.886026,252.061447
63.504,271.886026,255.061447
63.506,272.886026,253.061447
63.508,272.886026,254.061447
63.51,272.886026,254.061447
63.512,273.886026,255.061447
63.514,273.886026,256.061447
63.516,273.886026,254.061447
63.518,272.886026,254.061447
63.52,274.886026,253.061447
63.522,275.886026,254.061447
63.524,272.886026,256.061447
63.526,274.886026,255.061447
63.528,272.886026,255.061447
63.53,272.886026,256.061447
63.532,272.886026,255.061447
63.534,272.886026,255.061447
63.536,273.886026,255.061447
63.538,272.886026,254.061447
63.54,271.886026,255.061447
63.542,272.886026,255.061447
63.544,272.886026,255.061447
63.546,274.886026,256.061447
63.548,273.886026,255.061447
63.55,274.886026,256.061447
63.552,276.886026,255.061447
63.554,273.886026,256.061447
63.556,273.886026,255.061447
63.558,276.886026,254.061447
63.56,273.886026,256.061447
63.562,273.886026,256.061447
63.564,275.886026,253.061447
63.566,277.886026,255.061447
63.568,273.886026,253.061447
63.57,276.886026,253.061447
63.572,274.886026,253.061447
63.574,272.886026,254.061447
63.576,274.886026,255.061447
63.578,274.886026,256.061447
63.58,275.886026,255.061447
63.582,272.886026,255.061447
63.584,273.886026,255.061447
63.586,273.886026,256.061447
63.588,274.886026,254.061447
63.59,272.886026,254.061447
63.592,271.886026,253.061447
63.594,274.886026,252.061447
63.596,272.886026,254.061447
63.598,273.886026,252.061447
63.6,273.886026,254.061447
63.602,272.886026,254.061447
63.604,270.886026,253.061447
63.606,272.886026,253.061447
63.608,273.886026,253.061447
63.61,272.886026,253.061447
63.612,275.886026,251.061447
63.614,272.886026,254.061447
63.616,272.886026,252.061447
63.618,275.886026,255.061447
63.62,272.886026,251.061447
63.622,272.886026,250.061447
63.624,272.886026,253.061447
63.626,273.886026,250.061447
63.628,274.886026,252.061447
63.63,273.886026,250.061447
63.632,273.886026,252.061447
63.634,275.886026,253.061447
63.636,273.886026,253.061447
63.638,274.886026,253.061447
63.64,272.886026,254.061447
63.642,273.886026,251.061447
63.644,273.886026,254.061447
63.646,273.886026,252.061447
63.648,273.886026,252.061447
63.65,274.886026,253.061447
63.652,274.886026,253.061447
63.654,275.886026,253.061447
63.656,275.886026,255.061447
63.658,273.886026,253.061447
63.66,275.886026,252.061447
63.662,276.886026,253.061447
63.664,277.886026,252.061447
63.666,275.886026,252.061447
63.668,274.886026,254.061447
63.67,275.886026,254.061447
63.672,274.886026,250.061447
63.674,274.886026,255.061447
63.676,277.886026,254.061447
63.678,275.886026,253.061447
63.68,274.886026,252.061447
63.682,274.886026,255.061447
63.684,274.886026,254.061447
63.686,273.886026,253.061447
63.688,273.886026,255.061447
63.69,273.886026,255.061447
63.692,272.886026,257.061447
63.694,274.886026,254.061447
63.696,272.886026,255.061447
63.698,272.886026,255.061447
63.7,270.886026,258.061447
63.702,273.886026,257.061447
63.704,273.886026,255.061447
63.706,272.886026,257.061447
63.708,272.886026,257.061447
63.71,273.886026,258.061447
63.712,273.886026,258.061447
63.714,272.886026,256.061447
63.716,273.886026,258.061447
63.718,272.886026,258.061447
63.72,272.886026,258.061447
63.722,274.886026,258.061447
63.724,274.886026,258.061447
63.726,271.886026,258.061447
63.728,271.886026,258.061447
63.73,272.886026,259.061447
63.732,272.886026,260.061447
63.734,272.886026,260.061447
63.736,271.886026,259.061447
63.738,273.886026,260.061447
63.74,273.886026,261.061447
63.742,272.886026,260.061447
63.744,272.886026,260.061447
63.746,270.886026,260.061447
63.748,270.886026,260.061447
63.75,272.886026,259.061447
63.752,273.886026,260.061447
63.754,272.886026,261.061447
63.756,270.886026,259.061447
63.758,272.886026,262.061447
63.76,271.886026,261.061447
63.762,271.886026,260.061447
63.764,271.886026,260.061447
63.766,271.886026,263.061447
63.768,271.886026,261.061447
63.77,271.886026,262.061447
63.772,271.886026,260.061447
63.774,271.886026,262.061447
63.776,271.886026,261.061447
63.778,270.886026,261.061447
63.78,270.886026,263.061447
63.782,270.886026,261.061447
63.784,269.886026,260.061447
63.786,270.886026,262.061447
63.788,268.886026,262.061447
63.79,272.886026,262.061447
63.792,271.886026,262.061447
63.794,269.886026,261.061447
63.796,271.886026,262.061447
63.798,270.886026,265.061447
63.8,273.886026,262.061447
63.802,270.886026,263.061447
63.804,270.886026,262.061447
63.806,271.886026,263.061447
63.808,272.886026,261.061447
63.81,270.886026,261.061447
63.812,271.886026,263.061447
63.814,269.886026,262.061447
